"Rank","Player","Age","Elo","Hard","Clay","Grass","Peak Match","Peak Age","Peak Elo"
1,"Novak Djokovic",32,2188,2085.2,"2062.1","1964.7","2016 Monte Carlo Masters R32",28.9,2470
2,"Rafael Nadal",33,2183.3,1974.3,"2148.7","1608.1","2009 Madrid Masters F",22.9,2368.2
3,"Roger Federer",37.9,2180.5,2073.2,"1824.6","1912.1","2007 Indian Wells Masters R64",25.6,2377.8
4,"Dominic Thiem",25.7,2062,1884.6,"2033.5","1622.0","2016 Halle SF",22.8,2123
5,"Stefanos Tsitsipas",20.8,2000.9,1878.1,"1914.0","1560.6","2019 Roland Garros R16",20.8,2049.5
6,"Kei Nishikori",29.4,1997.7,1888,"1926.6","1737.0","2016 US Open SF",26.7,2210
7,"Juan Martin Del Potro",30.7,1975.9,1868.2,"1764.3","1563.4","2009 Tokyo R32",21,2230.5
8,"Matteo Berrettini",23.2,1972.8,1688,"1865.3","1744.0","2019 Halle SF",23.2,1993.7
9,"Alexander Zverev",22.2,1969.9,1913.9,"1971.6","1663.3","2017 Cincinnati Masters R32",20.3,2145.9
10,"Daniil Medvedev",23.3,1969.2,1924.5,"1660.0","1637.4","2019 Rotterdam SF",23,2065.2
11,"Borna Coric",22.6,1949.4,1846.6,"1787.8","1612.0","2019 Australian Open R16",22.2,2000.6
12,"Roberto Bautista Agut",31.2,1946.7,1885.4,"1792.0","1767.7","2016 Rotterdam QF",27.8,2014
13,"Milos Raonic",28.5,1931.6,1804.7,"1802.2","1779.3","2016 Wimbledon F",25.5,2155.5
14,"Marin Cilic",30.7,1921,1809,"1793.6","1796.6","2010 Dubai QF",21.4,2093.6
15,"Fabio Fognini",32,1915.5,1764.4,"1864.8","1599.2","2014 Munich F",26.9,2007.3
16,"Felix Auger Aliassime",18.9,1912,1737.6,"1760.0","1680.5","2019 London SF",18.9,1935.9
17,"Karen Khachanov",23.1,1908.7,1805.6,"1800.8","1670.7","2018 Doha R32",22.6,2013.3
18,"Stanislas Wawrinka",34.2,1908.5,1825.7,"1859.1","1535.8","2016 Australian Open R16",30.8,2145.7
19,"Nick Kyrgios",24.1,1907.9,1854.5,"1616.8","1637.7","2017 Cincinnati Masters F",22.3,2087.6
20,"Filip Krajinovic",27.2,1906.2,1761.6,"1845.7","1393.2","2019 Roland Garros R32",27.2,1913.4
21,"Gael Monfils",32.8,1897.6,1889.4,"1701.2","1547.9","2015 Monte Carlo Masters SF",28.6,2067.5
22,"Diego Sebastian Schwartzman",26.8,1884.4,1705.7,"1843.3","1395.6","2018 Acapulco R16",25.5,1925.4
23,"Kevin Anderson",33.1,1883.2,1775.5,"1677.4","1580.9","2019 Australian Open R64",32.7,2023.6
24,"David Goffin",28.5,1882.6,1727.2,"1770.6","1656.9","2017 Monte Carlo Masters SF",26.4,2036.3
25,"Jan Lennard Struff",29.1,1876.7,1682.4,"1748.8","1513.7","2019 Stuttgart SF",29.1,1887.4
26,"Jo Wilfried Tsonga",34.2,1868.6,1795.1,"1744.4","1613.5","2009 Indian Wells Masters R32",23.9,2125.3
27,"Christian Garin",23,1860.2,1484.7,"1837.3","1558.0","2019 Geneva R16",23,1894.3
28,"Kyle Edmund",24.4,1856.9,1825.1,"1703.0","1406.2","2019 Miami Masters R16",24.2,1936.8
29,"David Ferrer",37.1,1841.1,1793.9,"1810.5","1528.9","2013 Acapulco F",30.9,2218.4
30,"Fernando Verdasco",35.6,1829.3,1746.3,"1769.5","1515.4","2010 Rome Masters SF",26.4,2096
31,"Philipp Kohlschreiber",35.7,1829.1,1752.3,"1775.9","1549.2","2009 Stuttgart R16",25.7,1984.1
32,"Benoit Paire",30.1,1822.6,1617.7,"1787.2","1552.9","2013 Roland Garros R32",24.1,1903.6
33,"Pierre Hugues Herbert",28.2,1819.9,1712.6,"1638.6","1600.0","2019 Montpellier F",27.9,1841.1
34,"Lucas Pouille",25.3,1818.1,1724.9,"1730.3","1602.5","2017 Halle R16",23.3,1973.6
35,"Grigor Dimitrov",28.1,1812.7,1755.8,"1706.8","1539.9","2014 Canada Masters SF",23.2,2089.9
36,"Sam Querrey",31.5,1812.5,1693.9,"1702.3","1758.6","2012 Paris Masters QF",25.1,1971.4
37,"John Isner",33.9,1811.2,1711.6,"1658.5","1655.6","2012 US Open R32",27.3,2039.2
38,"Gilles Simon",34.5,1808.5,1729.3,"1666.1","1644.4","2009 Rotterdam R16",24.1,2014.8
39,"Guido Pella",29.1,1807.3,1528.9,"1815.5","1467.3","2019 Madrid Masters R32",29,1850.8
40,"Pablo Carreno Busta",27.9,1806.4,1736.1,"1704.1","1265.7","2017 Roland Garros R16",25.9,1930.7
41,"Nikoloz Basilashvili",27.3,1803.7,1737.1,"1712.9","1403.0","2018 Shanghai Masters R32",26.6,1881.8
42,"Denis Shapovalov",20.2,1803.4,1796.5,"1610.3","1338.3","2018 Tokyo SF",19.5,1905.5
43,"Feliciano Lopez",37.7,1801.7,1666,"1674.9","1779.2","2014 Shanghai Masters SF",33,1943.3
44,"Marton Fucsovics",27.4,1794.6,1727.5,"1661.7","1552.2","2019 Dubai QF",27,1857.9
45,"Dusan Lajovic",28.9,1791.7,1668,"1738.0","1342.1","2018 Beijing QF",28.3,1844.3
46,"Richard Gasquet",33,1791.4,1647.1,"1679.1","1585.4","2013 Monte Carlo Masters QF",26.8,2051.5
47,"Daniel Evans",29.1,1784.1,1699.4,"1390.9","1693.8","2017 Australian Open R16",26.7,1829.5
48,"Hubert Hurkacz",22.3,1783.7,1758.4,"1646.7","1418.5","2019 Miami Masters R32",22.1,1870.4
49,"Martin Klizan",29.9,1781.5,1684.6,"1718.9","1349.4","2015 Barcelona SF",25.8,1891.8
50,"Taylor Harry Fritz",21.6,1779.4,1683.6,"1667.5","1350.6","2016 Acapulco QF",18.3,1852.6
51,"Laslo Djere",24,1778.8,1347.4,"1787.7","1285.5","2019 Roland Garros R32",24,1795.9
52,"Radu Albot",29.6,1778.4,1708.5,"1600.5","1510.8","2019 Geneva SF",29.5,1793.5
53,"Jordan Thompson",25.1,1778.2,1699.4,"1557.2","1604.6","2019 S-Hertogenbosch F",25.1,1791.5
54,"Alex De Minaur",20.3,1777.5,1789.4,"1384.9","1560.0","2019 Acapulco QF",20,1923.6
55,"Jeremy Chardy",32.3,1776.8,1659.2,"1678.0","1642.4","2009 Cincinnati Masters R16",22.5,1896.7
56,"Leonardo Mayer",32,1776.8,1660.3,"1726.9","1477.8","2015 Canada Masters R32",28.2,1873.1
57,"Pablo Cuevas",33.4,1773.1,1598.4,"1750.1","1549.0","2016 Nottingham F",30.5,1909
58,"Adrian Mannarino",30.9,1766.8,1625.8,"1521.4","1739.5","2018 Australian Open R32",29.6,1875.2
59,"Yoshihito Nishioka",23.7,1765,1734.9,"1428.7","1426.8","2018 Traralgon CH F",23.1,1807.3
60,"Francis Tiafoe",21.4,1764.7,1689.5,"1649.2","1520.7","2018 Estoril F",20.3,1861.3
61,"Nicolas Jarry",23.7,1763.6,1553.2,"1705.3","1423.3","2018 Shanghai Masters R16",23,1811.2
62,"Aljaz Bedene",29.9,1756.7,1606.8,"1731.2","1564.6","2017 Wimbledon R32",28,1881.9
63,"Casper Ruud",20.4,1754.1,1516.6,"1692.6","1421.9","2019 Prostejov CH SF",20.4,1771.2
64,"Mikhail Kukushkin",31.5,1753.9,1718.3,"1563.6","1464.5","2010 Astana2 CH R32",22.9,1850.1
65,"Damir Dzumhur",27,1753.5,1650.6,"1599.5","1619.9","2018 Dubai R16",25.8,1886.9
66,"Federico Delbonis",28.6,1752.8,1599.9,"1722.8","1205.5","2017 Hamburg SF",26.8,1850.8
67,"Ricardas Berankis",28.9,1750.2,1702.7,"1517.6","1366.2","2010 Vancouver CH F",20.1,1807.6
68,"Reilly Opelka",21.7,1749.1,1730.3,"1559.4","1421.8","2019 Miami Masters R32",21.6,1821.3
69,"Hyeon Chung",22.7,1746.8,1643.6,"1649.3","1302.4","2018 Miami Masters QF",21.8,1978.3
70,"Pablo Andujar",33.4,1746.6,1467.9,"1735.8","1258.0","2015 Roland Garros R32",29.3,1787.5
71,"John Millman",30,1741.7,1683.7,"1632.5","1523.7","2016 Winston-Salem SF",27.2,1845.3
72,"Thanasi Kokkinakis",23,1740.3,1675.9,"1608.0","1434.7","2015 Queen's Club R16",19.2,1866.9
73,"Marco Cecchinato",26.7,1739.8,1371.1,"1767.0","1457.4","2018 Hamburg R32",25.8,1832.6
74,"Andrey Rublev",21.7,1739.2,1719.2,"1532.4","1383.5","2018 Rotterdam QF",20.3,1913.1
75,"Andreas Seppi",35.3,1739,1685,"1604.1","1629.1","2013 Australian Open R16",28.9,1905
76,"Vasek Pospisil",28.4,1734.3,1688.7,"1281.1","1468.6","2015 Valencia SF",25.3,1857.6
77,"Roberto Carballes Baena",26.2,1727.4,1482.4,"1706.5","1299.8","2019 London Qual",26.2,1745.2
78,"Mackenzie Mcdonald",24.1,1722.3,1678.7,"1294.4","1599.6","2019 Miami Masters R64",23.9,1771.5
79,"Ryan Harrison",26.9,1720.8,1657.8,"1503.7","1349.7","2017 Indian Wells Masters R128",24.8,1825.4
80,"Steve Johnson",29.5,1719.8,1619.3,"1661.0","1644.6","2017 Geneva QF",27.4,1930.8
81,"Joao Sousa",30.2,1719.3,1644.1,"1605.2","1506.0","2016 Australian Open R32",26.8,1844.7
82,"Marcos Baghdatis",33.9,1719.2,1655.3,"1469.7","1581.3","2008 Marseille SF",22.7,1993.5
83,"Robin Haase",32.2,1718.5,1645.8,"1605.7","1530.6","2011 Winston-Salem SF",24.4,1857.3
84,"Alejandro Davidovich Fokina",20,1717.6,1463.9,"1624.2","1499.7","2019 Estoril SF",19.9,1777.7
85,"Steve Darcis",35.2,1717.1,1668.5,"1638.3","1508.5","2017 Roland Garros R128",33.2,1849.1
86,"Lorenzo Sonego",24.1,1714.7,1548.7,"1671.2","1322.6","2019 Munich R32",24,1774.5
87,"Bernard Tomic",26.7,1711.5,1679,"1523.5","1605.6","2016 Australian Open R16",23.2,1944.4
88,"Ivo Karlovic",40.3,1710.6,1654.9,"1566.8","1621.6","2007 Paris Masters R32",28.7,1959.7
89,"Juan Ignacio Londero",25.8,1710,1270.3,"1671.0","1300.3","2019 Roland Garros R16",25.8,1711.9
90,"Nicolas Mahut",37.4,1704.1,1589,"1542.9","1633.1","2016 Metz QF",34.7,1824.6
91,"Tommy Paul",22.1,1703.6,1615.4,"1590.2","1426.3","2019 Tallahassee CH F",21.9,1747.2
92,"Kamil Majchrzak",23.4,1699.9,1652,"1518.0","1498.8","2019 Rome CH QF",23.3,1752.2
93,"Albert Ramos",31.4,1697.7,1575.3,"1666.0","1423.3","2017 Barcelona QF",29.3,1869.8
94,"Denis Kudla",26.8,1693.4,1574,"1524.8","1622.0","2015 Washington R64",23,1772.6
95,"Peter Gojowczyk",29.9,1693.2,1649.1,"1516.5","1431.2","2018 Delray Beach F",28.6,1809.4
96,"Jaume Munar",22.1,1683.1,1475.9,"1710.8","1347.7","2018 Wimbledon Qual",21.2,1782.8
97,"Miomir Kecmanovic",19.8,1680.5,1620.7,"1521.7","1373.4","2018 Brisbane R16",19.3,1747.3
98,"Dudi Sela",34.2,1679.2,1596,"1309.2","1683.1","2009 Miami Masters R128",24,1817.3
99,"Maximilian Marterer",23.9,1675.7,1625.9,"1615.2","1330.2","2018 Stuttgart R16",23,1794.2
100,"Alexander Bublik",22,1674.8,1668.9,"1292.6","1404.6","2019 San Luis Potosi CH R16",21.8,1753.4
101,"Ernests Gulbis",30.8,1671.3,1592.8,"1600.0","1576.2","2014 Roland Garros SF",25.7,2047.9
102,"Dennis Novak",25.8,1670.3,1556.3,"1531.4","1643.0","2018 Ortisei CH SF",25.1,1701.5
103,"Matthew Ebden",31.6,1670.2,1583,"1328.1","1604.7","2018 Shanghai Masters QF",30.9,1769.9
104,"Ugo Humbert",21,1669.1,1699.8,"1204.4","1433.1","2019 Marseille SF",20.6,1852.7
105,"Antonie Hoang",23.6,1668.3,1564.6,"1472.4","1552.8","2019 Montpellier R16",23.3,1740.8
106,"Cameron Norrie",23.8,1666.5,1645.1,"1484.1","1319.6","2017 Las Vegas CH R16",22.2,1779.5
107,"Stefano Travaglia",27.5,1666.2,1576.3,"1595.3","1465.3","2019 Shymkent CH F",27.5,1691.2
108,"Viktor Troicki",33.3,1664.7,1545.7,"1629.7","1597.6","2011 Monte Carlo Masters QF",25.2,1990
109,"Hugo Dellien",26,1661.1,1172.5,"1608.3","1420.1","2018 Shymkent CH SF",25,1699.2
110,"Mikael Ymer",20.8,1659.4,1518.2,"1634.1","1436.9","2019 Koblenz CH QF",20.3,1703.8
111,"Corentin Moutet",20.2,1659.4,1527.3,"1613.8","-","2017 Eckental CH QF",18.5,1708
112,"Marius Copil",28.7,1658.8,1599.5,"1480.9","1583.3","2018 Basel F",28,1754.5
113,"Mischa Zverev",31.8,1657.8,1581.2,"1547.1","1569.8","2017 Australian Open QF",29.4,1860.3
114,"Soon Woo Kwon",21.5,1656.4,1605.5,"1261.0","1450.7","2019 Gwangju CH SF",21.4,1694.1
115,"Jannik Sinner",17.8,1653.7,1549.8,"1522.4","1421.4","2019 Lyon R32",17.8,1709.9
116,"Ilya Ivashka",25.1,1653.4,1572.7,"1536.7","1377.5","2019 Canberra CH F",24.9,1742.6
117,"Denis Istomin",32.8,1650.8,1626.6,"1538.7","1510.4","2012 Indian Wells Masters R16",25.5,1849
118,"Henri Laaksonen",27.2,1646.6,1470.4,"1591.8","1287.6","2017 Knoxville CH SF",25.6,1692.2
119,"Andrej Martin",29.7,1646.3,1303.9,"1629.2","1152.4","2014 US Open Qual",24.9,1665.4
120,"Marcel Granollers",33.2,1642.4,1539.7,"1563.9","1574.8","2012 Sydney R32",25.7,1892.9
121,"Michael Mmoh",21.4,1641.8,1582.8,"1398.3","1442.9","2017 San Francisco CH SF",19.1,1727.6
122,"Jiri Vesely",25.9,1633.6,1497.1,"1610.4","1595.7","2014 Wimbledon R32",21,1892
123,"Yannick Maden",29.6,1633.4,1622.9,"1528.1","1496.7","2019 Munich R32",29.5,1719.2
124,"Taro Daniel",26.4,1633,1533.7,"1585.8","1329.2","2015 Prague CH QF",22.4,1745.6
125,"Matthias Bachinger",32.2,1631.5,1572.3,"1434.0","1514.5","2011 Granby CH F",24.3,1703.4
126,"Malek Jaziri",35.4,1630.6,1583.1,"1549.1","1341.4","2017 Miami Masters R32",33.2,1792.2
127,"Gregoire Barrere",25.3,1628.9,1613.9,"1480.0","1495.8","2019 St. Brieuc CH QF",25.1,1704.9
128,"Evgeny Donskoy",29.1,1628.9,1511.3,"1490.4","1495.9","2015 Pune CH F",25.5,1717.7
129,"Salvatore Caruso",26.5,1627.1,1510.1,"1594.9","1400.8","2019 S-Hertogenbosch R32",26.5,1650.9
130,"Tennys Sandgren",27.8,1626.7,1578.3,"1508.8","1335.1","2019 Australian Open R128",27.5,1700.5
131,"Tommy Robredo",37.1,1625.6,1569.7,"1605.6","1519.7","2009 Roland Garros QF",27.1,1985.2
132,"Lloyd George Muirhead Harris",22.3,1625.4,1607.9,"1442.1","1283.5","2018 Fairfield CH QF",21.6,1745.9
133,"Mikael Torpegaard",25.1,1625.3,1611.4,"1379.5","-","2016 Las Vegas CH QF",22.4,1765.3
134,"Simone Bolelli",33.6,1624.2,1531.7,"1619.7","1591.2","2008 Roland Garros R32",22.6,1880.4
135,"Lorenzo Giustino",27.8,1623.9,1420.2,"1575.0","1343.6","2019 Blois CH SF",27.8,1639.1
136,"Gianluca Mager",24.5,1622.1,1457,"1569.1","1351.1","2019 Poznan CH QF",24.5,1659.5
137,"Federico Coria",27.3,1618.1,1214.9,"1580.3","-","2019 Shymkent CH SF",27.3,1652.9
138,"Pedro Sousa",31.1,1616.5,1164,"1597.6","1346.7","2017 Rome CH R16",29.3,1715.2
139,"Dominik Koepfer",25.1,1615.9,1464.5,"1281.6","1648.0","2018 Cary CH QF",24.4,1614.9
140,"Alessandro Giannessi",29,1615.5,1416.3,"1579.6","1385.5","2011 Napoli2 CH F",21.3,1728
141,"Dustin Brown",34.5,1608.5,1438.3,"1595.7","1581.2","2017 Delray Beach R32",32.2,1777.9
142,"Guido Andreozzi",27.8,1608.3,1546.3,"1537.7","1248.9","2018 Poznan CH R32",26.8,1729.6
143,"Lukas Rosol",33.9,1606.6,1493.5,"1568.5","1502.6","2014 US Open R128",29.1,1880.3
144,"Yannick Hanfmann",27.5,1606.5,1273.6,"1615.6","1378.7","2017 Gstaad F",25.7,1728.8
145,"Donald Young",29.9,1605.8,1555.6,"1447.1","1431.6","2017 Miami Masters R16",27.7,1835.7
146,"Thomas Fabbiano",30.1,1605,1559.2,"1431.7","1493.1","2017 Nottingham CH F",28.1,1705.3
147,"Prajnesh Gunneswaran",29.6,1603.6,1550.4,"1484.0","1290.9","2019 Anning CH F",29.4,1679.8
148,"Guillermo Garcia Lopez",36,1603.5,1557.9,"1569.0","1425.3","2010 Shanghai Masters QF",27.4,1877.8
149,"Elias Ymer",23.2,1602.6,1567.2,"1537.8","1381.3","2015 Ilkley CH R32",19.2,1729.8
150,"Joao Domingues",25.6,1599.1,1207.2,"1556.1","-","2019 Lisboa CH R32",25.6,1639.7
151,"Santiago Giraldo",31.5,1597.3,1500.7,"1559.9","1423.1","2012 Roland Garros R32",24.5,1856
152,"Rogerio Dutra Silva",35.3,1591.2,1581,"1523.1","1197.0","2017 Roland Garros R64",33.3,1684.4
153,"Alexei Popyrin",19.9,1589.2,1560.1,"1397.5","1404.2","2018 Basel R16",19.2,1701.9
154,"Federico Gaio",27.3,1587.4,1360,"1553.4","1325.4","2019 Parma CH F",27.3,1600.5
155,"Egor Gerasimov",26.6,1586.8,1598.3,"1411.4","1289.9","2017 Samarkand CH QF",24.5,1765.4
156,"Alex Bolt",26.4,1586.7,1537.8,"1298.9","1509.0","2019 Anning CH QF",26.3,1654.9
157,"Norbert Gombos",28.8,1586.2,1484.8,"1510.8","1399.0","2014 Kosice CH F",23.8,1678.7
158,"Lukas Lacko",31.6,1583.8,1465,"1295.3","1546.5","2012 Dallas2 CH QF",24.4,1792.8
159,"Benjamin Hassan",24.4,1581.8,1419.3,"1492.2","-","2019 Prostejov CH QF",24.3,1629.3
160,"Facundo Bagnis",29.2,1581.3,1352.3,"1553.2","1214.9","2016 Marrakech QF",26.1,1711.6
161,"James Duckworth",27.4,1581.1,1552.1,"1395.9","1429.2","2017 Australian Open R128",25,1707.4
162,"Yasutaka Uchiyama",26.8,1580.2,1524.1,"1218.6","1308.9","2017 Yokohama CH R32",24.6,1631.1
163,"Marco Trungelliti",29.3,1579.4,1336.1,"1609.2","1279.8","2018 Tampere CH QF",28.5,1671.6
164,"Mathias Bourgue",25.4,1578.2,1521.7,"1428.1","1392.3","2017 Blois CH SF",23.4,1645.3
165,"Jozef Kovalik",26.6,1578.2,1434.8,"1545.6","1348.7","2018 Hamburg SF",25.7,1707.8
166,"Sumit Nagal",21.8,1577.8,1278.9,"1557.6","1328.2","2019 Bratislava CH SF",21.8,1600.7
167,"Bradley Klahn",28.8,1577,1582.2,"1305.1","1340.3","2014 Delray Beach R32",23.5,1763.1
168,"Go Soeda",34.8,1576.6,1440.6,"1273.7","1557.5","2012 Rome Masters Qual",27.7,1707.1
169,"Jason Jung",30,1575.6,1542,"1365.8","1429.2","2018 Zhuhai CH SF",28.7,1659.5
170,"Quentin Halys",22.6,1575,1475.4,"1522.5","1435.5","2016 Ilkley CH QF",19.6,1680.9
171,"Bjorn Fratangelo",25.9,1570.8,1585.7,"1515.4","1454.7","2016 Surbiton CH SF",22.9,1735.7
172,"Carlos Taberner",21.7,1570,1318.9,"1613.4","-","2017 Rome CH SF",20.1,1691.4
173,"Rudolf Molleker",18.6,1568.9,1144.8,"1562.3","1404.3","2018 Stuttgart R16",17.6,1707.8
174,"Paolo Lorenzi",37.5,1567.5,1512.9,"1546.4","1271.9","2017 Quito F",35.2,1784.8
175,"Sergiy Stakhovsky",33.4,1566.5,1456.6,"1417.0","1598.5","2010 Kuala Lumpur R16",24.7,1844.2
176,"Attila Balazs",30.7,1565.9,1313.3,"1497.1","1374.7","2012 Estoril R32",23.6,1619.3
177,"Ruben Bemelmans",31.4,1565.7,1453.9,"1435.6","1571.7","2012 Orleans CH F",24.7,1707.5
178,"Thomaz Bellucci",31.3,1561,1549.6,"1515.0","1343.6","2010 Hamburg QF",22.6,1929.6
179,"Blaz Rola",28.7,1557.7,1508.1,"1442.3","1437.6","2014 Panama City CH F",23.5,1722.9
180,"Tatsuma Ito",31.1,1557.7,1499.7,"1235.6","1464.9","2012 Dusseldorf RR",24,1729
181,"Alexey Vatutin",26.6,1555.6,1473.2,"1472.6","1348.2","2018 Marrakech QF",25.5,1641.6
182,"Brayden Schnur",24,1554.1,1513.3,"-","1419.8","2019 New York F",23.6,1711.2
183,"Sebastian Ofner",23.1,1554.1,1578.7,"1285.8","1411.2","2017 Vancouver CH R16",21.3,1667
184,"Nikola Milojevic",23.9,1553.7,1413.8,"1527.3","1322.4","2019 Seoul CH SF",23.9,1586.9
185,"Marcos Giron",25.9,1552.1,1544.5,"1319.5","1421.5","2019 Monterrey CH QF",25.7,1635.5
186,"Yuichi Sugita",30.7,1551,1450.7,"1343.5","1546.5","2017 Cincinnati Masters QF",28.9,1801.3
187,"Daniel Elahi Galan Riveros",23,1548.5,1305.7,"1530.6","1379.5","2019 Sarasota CH R16",22.8,1592.2
188,"Nicola Kuhn",19.2,1548,1441.5,"1446.4","-","2017 Meerbusch CH SF",17.4,1590.7
189,"Jeffrey John Wolf",20.2,1545.8,1477.2,"-","-","2019 Cleveland CH R16",20.1,1572.5
190,"Thiago Monteiro",25,1543.6,1394.4,"1526.8","1294.6","2016 Bordeaux CH R16",21.9,1727.4
191,"Filippo Baldi",23.4,1543.3,1417.8,"1509.9","1339.7","2018 Andria CH F",22.9,1689.9
192,"Jason Kubler",26.1,1542.1,1510.4,"1302.6","1470.7","2018 Gatineau CH SF",25.2,1693
193,"Darian King",27.1,1540.5,1488,"1240.4","1385.9","2017 Bradenton CH R32",25,1638.2
194,"Jay Clarke",20.9,1540.4,1444.6,"1482.8","1260.3","2019 Nanchang CH R16",20.7,1621.5
195,"Tung Lin Wu",21.1,1540.3,1459.5,"1405.1","-","2019 Gwangju CH QF",21,1581
196,"Emilio Gomez",27.6,1539.2,1459.1,"1458.6","1256.6","2019 Savannah CH R32",27.4,1593
197,"Bernabe Zapata Miralles",22.4,1537.8,1344.1,"1473.0","1335.3","2019 Prostejov CH QF",22.4,1602.7
198,"Kimmer Coppejans",25.4,1537.5,1342.1,"1518.3","1221.4","2015 Turin CH F",21.2,1685.8
199,"Oscar Otte",25.9,1535.6,1478.6,"1498.0","1404.2","2017 Braunschweig CH SF",24,1714.9
200,"Roberto Marcora",29.7,1534.5,1507,"1435.8","1317.4","2019 Sophia Antipolis CH SF",29.6,1603
201,"Constant Lestienne",27.1,1532.6,1487.5,"1351.3","1339.4","2018 Antwerp Qual",26.4,1639.3
202,"Christopher Eubanks",23.1,1532.1,1461.6,"1319.4","1372.8","2018 Puerto Vallarta CH R32",22,1581
203,"Luca Vanni",33.8,1531.2,1436.7,"1403.3","1416.2","2016 Chennai R16",30.6,1613.7
204,"Carlos Berlocq",36.4,1528.7,1598.5,"1476.3","1291.4","2012 Dusseldorf RR",29.3,1852.1
205,"Aslan Karatsev",25.8,1528.4,1434.5,"1471.0","1321.3","2015 Batman CH R16",21.6,1591.1
206,"Thai Son Kwiatkowski",24.3,1527.5,1467.1,"1387.1","1342.8","2019 Da Nang CH SF",23.9,1598
207,"Andrew Harris",25.3,1526.7,1528.7,"1304.6","1311.7","2019 Busan CH F",25.2,1597.6
208,"Tallon Griekspoor",22.9,1526.6,1406.8,"1514.4","1357.2","2019 Koblenz CH SF",22.5,1678.4
209,"Mario Vilella Martinez",23.9,1526,1138.8,"1530.2","-","2019 Almaty CH SF",23.9,1581.5
210,"Arthur De Greef",27.2,1525.7,1334.1,"1507.6","1331.2","2017 Marburg CH SF",25.3,1616.9
211,"Enrique Lopez Perez",28,1523.4,1490.6,"1414.9","1376.6","2019 Villena CH R16",27.8,1575.5
212,"Noah Rubin",23.3,1522.4,1480.3,"1459.0","1324.5","2018 Washington R16",22.4,1704
213,"Maxime Janvier",22.6,1522.4,1468.4,"1365.9","-","2018 Tunis CH R16",21.5,1558.4
214,"Stefano Napolitano",24.2,1521.2,1478.4,"1460.3","1422.1","2018 Zhuhai CH R16",22.9,1621.3
215,"Tim Smyczek",31.4,1520.3,1441.9,"1313.7","1505.9","2015 Irving CH F",27.2,1737
216,"Peter Polansky",31,1518.1,1491.7,"1345.8","1369.8","2014 Prostejov CH R16",26,1643.4
217,"Aleksandr Nedovyesov",32.3,1517,1429.4,"1494.7","1474.7","2013 ATP Challenger Tour Finals CH SF",26.7,1714.1
218,"Filip Horansky",26.4,1515.4,1283.7,"1549.4","1279.6","2019 Budapest CH SF",26.1,1560.1
219,"Pavel Kotov",20.6,1515.2,1440.2,"1464.6","-","2019 Budapest CH R16",20.2,1631.4
220,"Adrian Menendez Maceiras",33.6,1514.9,1432.5,"1510.3","1279.9","2015 Leon CH F",29.4,1615.4
221,"Daniel Brands",31.9,1514.7,1460.7,"1393.8","1483.1","2013 Doha QF",26.5,1821.4
222,"Steven Diez",28.3,1514.5,1385.7,"1437.7","1308.8","2019 Lyon R16",28.2,1534.9
223,"Tobias Kamke",33.1,1513.2,1489.6,"1397.6","1457.2","2012 Australian Open R64",25.7,1754.5
224,"Mirza Basic",27.9,1513,1478.7,"1376.3","1314.0","2018 Indian Wells CH R32",26.6,1714.7
225,"Alejandro Tabilo",22,1512.1,1336.9,"1455.4","-","2019 Shymkent CH SF",22,1591.6
226,"Akira Santillan",22.1,1503.8,1534.7,"1226.7","1313.1","2017 Aptos CH QF",20.2,1646.3
227,"Viktor Galovic",28.7,1499.7,1431.5,"1437.5","1443.7","2017 Cortina CH R32",26.8,1645
228,"Joao Lucas Magalhaes Hueb De Menezes",22.5,1497.2,1275.5,"1506.4","-","2019 Jerusalem CH R64",22.4,1550.7
229,"Yosuke Watanuki",21.2,1494.1,1494.5,"1237.7","1283.8","2018 Ningbo CH R16",20.5,1660.9
230,"Yunseong Chung",21.2,1492.6,1463.9,"1335.3","1325.1","2019 Gwangju CH R16",21.1,1567.3
231,"Duck Hee Lee",21,1490.1,1449,"1213.7","1237.5","2017 Rennes CH QF",18.7,1516.1
232,"Max Purcell",21.2,1489.5,1466.1,"1303.5","1380.3","2019 Busan CH R16",21.1,1591.4
233,"Pedro Martinez Portero",22.1,1486.8,1336.3,"1454.4","-","2019 Villena CH F",21.9,1636.3
234,"Vincent Millot",33.2,1485.2,1407.5,"1407.5","1550.0","2016 Mons CH F",30.7,1658.9
235,"Thiemo De Bakker",30.7,1484.2,1404.8,"1553.8","1400.4","2010 New Haven SF",21.9,1881
236,"Andrea Vavassori",24.1,1482.8,1290.4,"1436.2","-","2019 Parma CH R16",24.1,1519.5
237,"Elliot Benchetrit",20.7,1482.1,1358.8,"1403.6","-","2019 Lyon  CH R32",20.7,1534.4
238,"Calvin Hemery",24.2,1478.8,1365.6,"1479.8","1343.8","2015 Padova CH SF",20.4,1642.9
239,"Marcelo Arevalo",28.7,1478.4,1393.4,"1485.9","1269.3","2017 Santiago CH F",27.1,1595.9
240,"Christian Harrison",24.8,1475.5,1342.7,"1471.3","1534.9","2018 Newport R16",24.1,1591.3
241,"Tristan Lamasine",26.3,1474.7,1379.5,"1397.5","1528.2","2015 Alphen CH SF",22.5,1624.3
242,"Zhe Li",32.7,1472.4,1396.1,"1190.0","1322.0","2019 Zhuhai CH R32",32.5,1520.7
243,"Jose Hernandez",29.3,1471.1,1310.4,"1466.5","1397.0","2009 Davis Cup G2 R3",19.5,1607
244,"Andrea Arnaboldi",31.5,1471.1,1366.6,"1425.4","1417.3","2015 Cortina CH SF",27.6,1593.5
245,"Jurgen Zopp",31.2,1468.6,1416.1,"1512.5","1339.7","2012 Kitzbuhel R16",24.3,1722.2
246,"Marc Polmans",22.1,1466.2,1520.9,"1337.3","1278.4","2019 Sarasota CH R32",22,1576
247,"Ramkumar Ramanathan",24.6,1464.7,1339.9,"1431.0","1491.7","2018 Nanchang CH QF",23.4,1599.2
248,"Facundo Arguello",26.9,1464.6,1259.6,"1438.4","1337.9","2013 Roland Garros Qual",20.8,1694.7
249,"James Ward",32.4,1463.8,1363.9,"1340.7","1464.5","2014 Traralgon2 CH F",27.7,1673
250,"John Patrick Smith",29.5,1463.4,1407.3,"1160.4","1460.0","2015 Cary CH R16",25.8,1666.2
251,"Adam Pavlasek",24.7,1463.3,1341.3,"1452.8","1450.0","2016 Rome CH R32",22,1748.1
252,"Jan Choinski",23,1463,1422.3,"1383.9","1232.5","2019 Lille CH QF",22.8,1514
253,"Gian Marco Moroni",21.2,1461.7,1232.4,"1452.3","-","2018 Vicenza CH SF",20.3,1668.7
254,"Zdenek Kolar",22.7,1460.5,1395.4,"1408.7","1428.6","2018 Sopot CH SF",21.8,1561.1
255,"Johan Sebastien Tatlot",23.2,1460.5,1289.3,"1421.0","-","2018 Banja Luka CH SF",22.5,1537.4
256,"Manuel Guinard",23.6,1459.9,1366.3,"1360.1","-","2019 Lyon  CH QF",23.6,1504.8
257,"Daniel Gimeno Traver",33.9,1457.7,1254.6,"1445.5","1222.8","2010 US Open R32",25.1,1815.4
258,"Mats Moraing",27,1457.4,1450.9,"1271.9","1398.8","2018 Mexico City CH R16",25.8,1691.5
259,"Mohamed Safwat",28.7,1457.3,1317.4,"1456.8","1426.7","2009 Davis Cup G2 R1",18.5,1500
260,"Ernesto Escobedo",22.9,1454.3,1372.9,"1384.4","1411.1","2018 Miami Masters Qual",21.7,1708
261,"Enzo Couacaud",24.3,1454,1424.1,"1335.8","1394.9","2018 Calgary  CH QF",23.6,1586.4
262,"Mitchell Krueger",25.4,1452.4,1405.6,"1288.5","1329.2","2017 Guadalajara CH QF",23.2,1556.9
263,"Andrea Pellegrino",22.2,1451.2,1229.8,"1405.1","-","2019 Parma CH R16",22.2,1461.4
264,"Matteo Donati",24.1,1446.7,1237.5,"1458.5","1417.5","2015 Todi CH SF",20.4,1604
265,"Gianluigi Quinzi",23.4,1446.7,1303.9,"1418.1","1331.4","2018 Perugia CH F",22.4,1659.4
266,"Zhizhen Zhang",22.6,1444.5,1337.8,"1398.1","-","2019 Columbus CH QF",22.6,1473.7
267,"Marcelo Tomas Barrios Vera",21.5,1438.5,1360.6,"1398.8","-","2019 Cuernavaca CH R16",21.2,1535.1
268,"Saketh Myneni",31.6,1437.6,1384.5,"1338.2","1355.6","2016 Surbiton CH R16",28.6,1626.6
269,"Danilo Petrovic",27.4,1436,1450.9,"1308.4","1324.2","2018 Mestre CH SF",26.3,1489
270,"Sergio Gutierrez Ferrol",30.1,1435.3,1178.6,"1494.0","1237.3","2012 Madrid CH SF",23.6,1648.7
271,"Liam Broady",25.4,1433.6,1428.4,"1295.5","1149.2","2017 Las Vegas CH F",23.8,1641.4
272,"Cem Ilkel",23.8,1432.7,1367.8,"1098.1","1341.7","2019 Fergana CH SF",23.8,1454.8
273,"Gastao Elias",28.5,1431.5,1290,"1436.4","1260.0","2016 Rio Olympics R32",25.7,1722.8
274,"Sebastian Fanselow",27.5,1430.7,1361.3,"1233.3","-","2019 Burnie CH QF",27,1564.5
275,"Frederico Ferreira Silva",24.2,1430.2,1304.4,"1356.8","1378.5","2019 Lisboa CH R32",24.2,1464.9
276,"Andrea Collarini",27.4,1429.7,1170.5,"1419.7","1375.8","2014 Blois CH R16",22.4,1501.3
277,"Uladzimir Ignatik",28.9,1426.1,1393.5,"1349.0","1303.6","2011 Pingguo CH QF",20.7,1677.7
278,"Pedro Cachin",24.2,1426,1079.1,"1440.2","1369.3","2015 Banja Luka CH R32",20.4,1623.2
279,"Ze Zhang",28.9,1425.3,1434.9,"1259.1","1367.7","2017 Zhuhai CH QF",26.7,1607
280,"Kaichi Uchida",24.8,1424.9,1373.2,"1247.9","-","2019 Taipei CH R16",24.6,1492.1
281,"Pedja Krstin",24.8,1424.7,1326.1,"1415.7","1313.8","2016 Leon CH R16",21.6,1552.2
282,"Lucas Miedler",23,1422.8,1357.8,"1265.6","-","2019 Puerto Vallarta CH QF",22.9,1494
283,"Alexandre Muller",22.4,1419.5,1335.1,"1336.7","-","2018 Lyon CH QF",21.4,1509.1
284,"Roberto Quiroz",27.3,1416.3,1333.8,"1346.2","1427.3","2017 Leon CH F",25.1,1539.9
285,"Matteo Viola",31.9,1415.6,1412.9,"1278.3","1367.5","2012 Doha Qual",25.5,1644.8
286,"Stephane Robert",39.1,1413.7,1322.6,"1463.7","1552.3","2010 Casablanca R16",29.9,1783.3
287,"Dennis Novikov",25.6,1412.1,1371.9,"1223.1","1415.0","2015 Knoxville CH SF",22,1621
288,"Daniel Masur",25,1411.7,1251.3,"1420.9","-","2017 Koblenz CH SF",22.6,1581.9
289,"Gleb Sakharov",31,1410.8,1467.9,"1222.7","1313.7","2018 Noumea CH SF",29.6,1610.4
290,"Evgeny Karlovskiy",24.9,1410.5,1370.8,"1210.8","1368.5","2019 Zhuhai CH F",24.6,1493.6
291,"Yibing Wu",19.4,1409.2,1309.8,"1218.6","-","2017 Chengdu R32",18,1571
292,"Hiroki Moriya",28.6,1408.6,1350.8,"1132.4","1333.7","2012 Brisbane Qual",22.2,1568.2
293,"Baptiste Crepatte",24.7,1408.5,1373.5,"1268.8","-","2019 Shenzhen CH SF",24.5,1616.3
294,"Collin Altamirano",23.5,1402.7,1292.8,"1444.2","-","2018 Fairfield CH R16",22.8,1601.6
295,"Kevin Krawietz",27.3,1401.8,1381.6,"1343.2","1354.9","2018 Meerbusch CH QF",26.6,1547.9
296,"Marc Andrea Huesler",23,1400.1,1269.1,"1404.2","-","2019 Leon CH R32",22.8,1575.3
297,"Laurynas Grigelis",27.8,1398.5,1318.1,"1331.4","1356.6","2011 Eckental CH R16",20.2,1641.8
298,"Martin Cuevas",27.4,1396.8,1249.3,"1362.6","-","2019 Parma CH QF",27.4,1415.5
299,"Oriol Roca Batalla",26.1,1396.5,1294.7,"1363.6","1351.8","2015 Casablanca CH R16",22.5,1474.2
300,"Arthur Rinderknech",23.9,1394.9,1344.2,"1239.4","-","2019 Blois CH R32",23.9,1426.2
301,"Alejandro Gonzalez",30.3,1392.9,1358.3,"1353.0","1269.0","2015 Santiago CH SF",26.1,1699.1
302,"Dimitar Kuzmanov",25.9,1392.8,1218.9,"1392.5","-","2014 Istanbul CH R32",21.1,1524.5
303,"Gonzalo Escobar",30.4,1391.2,1349.9,"1308.7","-","2019 Leon CH QF",30.3,1475.5
304,"Vaclav Safranek",25.1,1389.8,1183.9,"1385.8","1316.7","2016 Sibiu CH QF",22.3,1480.2
305,"Tsung Hua Yang",28.2,1389.4,1331.2,"1336.4","1258.7","2011 Tashkent CH QF",20.5,1534.1
306,"Renzo Olivo",27.3,1389,1314.9,"1370.4","1265.7","2015 Buenos Aires R16",22.9,1650.5
307,"Borna Gojo",21.3,1388.9,1392.2,"1176.8","-","2019 Dallas CH R16",20.9,1559.2
308,"Kenny De Schepper",32.1,1387.5,1422.7,"1265.1","1509.7","2012 Seoul CH QF",25.4,1770
309,"Brydan Klein",29.5,1387,1349.5,"1152.3","1372.8","2015 Cary CH SF",25.7,1545.2
310,"Raul Brancaccio",22.1,1386.4,1318.6,"1345.2","-","2019 Murcia CH R16",21.9,1465.9
311,"Benjamin Bonzi",23,1386.4,1266.2,"1333.2","1521.8","2017 Perugia CH QF",21.1,1579.4
312,"Jurij Rodionov",20.1,1385.1,1460.6,"1318.9","1297.3","2018 Astana CH SF",19.2,1703.6
313,"Viktor Durasovic",22.2,1382.8,1383.6,"1268.5","1404.2","2014 Davis Cup G2 R1",16.9,1500
314,"Luke Saville",25.3,1381.3,1335.8,"1155.1","1491.7","2014 Traralgon2 CH SF",20.8,1563.9
315,"Aleksandar Vukic",23.2,1380.1,1318,"1313.7","-","2018 Traralgon CH QF",22.5,1457.4
316,"Zsombor Piros",19.7,1375.1,1249.2,"1334.3","-","2018 Monterrey CH R16",19,1449.6
317,"Filip Peliwo",25.4,1374.6,1316.4,"1317.8","1324.0","2018 Busan CH SF",24.3,1580.6
318,"Roberto Cid",25.8,1373.6,1342.6,"1277.8","-","2018 Almaty CH QF",24.8,1566.9
319,"Guilherme Clezar",26.5,1371.8,1215.3,"1373.3","1203.4","2013 Porto Alegre CH SF",20.7,1583.6
320,"Roman Safiullin",21.9,1360.1,1383.1,"1198.2","-","2019 Pau CH QF",21.6,1512.2
321,"Goncalo Oliveira",24.3,1359.9,1145.9,"1363.6","1333.4","2017 Campinas CH SF",22.6,1445.9
322,"Ulises Blanch",21.2,1359.2,1288.3,"1342.0","-","2018 San Benedetto Del Tronto CH R32",20.3,1595.9
323,"Johannes Haerteis",23.3,1359.1,1355.3,"1161.6","1361.3","2018 Ismaning CH SF",22.6,1345.2
324,"Sasi Kumar Mukund",22.4,1355.1,1309.4,"1273.3","1357.2","2019 Chennai CH SF",22.1,1451.9
325,"Michael Redlicki",25.6,1354.2,1333,"1153.9","-","2019 Sarasota CH R64",25.4,1556.6
326,"Evan King",27.2,1350.1,1316.5,"1191.3","1211.5","2018 Drummondville CH QF",26,1495.1
327,"Stefan Kozlov",21.3,1350,1279.2,"1373.0","1430.8","2017 Tempe CH QF",19,1658
328,"Nino Serdarusic",22.5,1349.6,1141.6,"1336.7","1342.5","2018 Santo Domingo CH QF",21.8,1446.5
329,"Jacob Grills",24,1349.5,1210.9,"1321.8","-","2019 Parma CH R16",24,1378.1
330,"Thiago Seyboth Wild",19.2,1346.1,1297.7,"1276.3","-","2019 Leon CH R32",19.1,1402.5
331,"Alexander Sarkissian",29.2,1340.5,1259.6,"1144.2","1228.8","2016 Miami Masters Qual",26,1559.3
332,"Roberto Ortega Olmedo",28.2,1340.2,1259.5,"1280.4","1394.2","2014 Blois CH QF",23.2,1490.9
333,"Karim Mohamed Maamoun",28.1,1335.9,1305.5,"1282.2","-","2012 Davis Cup G2 PO",21,1541.5
334,"Matias Franco Descotte",24.8,1335.8,1323.6,"1214.7","-","2019 Santiago CH R32",24.5,1538.5
335,"Aldin Setkic",31.5,1332.3,1305.5,"1238.7","1244.5","2010 Napoli2 CH R16",22.8,1598.1
336,"Tomislav Brkic",29.3,1331.6,1193.7,"1326.6","1465.6","2018 Sevilla CH SF",28.5,1440.8
337,"Ante Pavic",30.3,1327.1,1240.1,"1309.1","1518.1","2014 Umag R32",25.4,1673.6
338,"Scott Griekspoor",28.4,1326,1242.3,"1345.1","-","2018 Milan CH R32",27.5,1526.5
339,"Di Wu",27.8,1317.8,1259.3,"1277.5","1271.3","2016 Gwangju CH SF",24.6,1621.7
340,"Ivan Gakhov",22.6,1315.9,1189,"1286.2","-","2019 Fergana CH R16",22.6,1329.4
341,"Tak Khunn Wang",27.6,1315.2,1226.1,"1228.4","-","2019 Koblenz CH R32",27.3,1403.6
342,"Alessandro Bega",28.4,1311.8,1176.1,"1308.8","1439.5","2017 Recanati CH R16",26.5,1356.3
343,"Maverick Banes",27.2,1310.9,1252.3,"1240.0","1339.0","2019 Launceston CH R16",26.8,1437
344,"Ricardo Ojeda Lara",26.4,1303.8,1181.9,"1374.5","1309.8","2018 Australian Open Qual",25,1632.4
345,"Riccardo Bonadio",25.9,1298.7,1251.5,"1225.3","-","2019 Shymkent CH R16",25.9,1333.7
346,"Kevin King",28.2,1289.1,1208.6,"1229.6","1377.4","2017 Monterrey CH SF",26.6,1569.7
347,"Jc Aragone",24,1287.6,1348.5,"1067.2","1340.1","2018 Chicago CH QF",23.2,1552.6
348,"Evan Song",27,1277.8,1229,"1164.4","-","2018 Orlando CH R16",26.6,1388.4
349,"Denis Yevseyev",26.1,1269.4,1307.9,"1165.7","-","2019 Bangkok CH R32",25.7,1403.4
350,"Carlos Boluda Purkiss",26.4,1260.7,1245.5,"1177.8","-","2018 Karshi CH SF",25.3,1412.1
351,"Jelle Sels",23.9,1243.9,1240.6,"1214.4","1356.7","2018 Charlottesville CH QF",23.2,1404.1
352,"Alex Molcan",21.5,1239.9,1310.7,"1119.2","-","2018 Sevilla CH F",20.8,1455.7
353,"Juan Pablo Varillas Patino Samudio",23.7,1228.7,1114.5,"1225.1","-","2018 Liberec CH R16",22.8,1320.1
354,"Renta Tokuda",21.2,1223.4,1158.5,"-","-","2018 Gimcheon CH QF",20.1,1375.5
355,"Alexander Zhurbin",27.4,1220.4,1120.3,"1216.4","-","2019 Fergana CH R32",27.4,1243.7
356,"Yusuke Takahashi",21.6,1220.2,1191.5,"1156.7","-","2017 Zhangjiagang CH QF",19.9,1423.9
357,"Makoto Ochi",23.1,1175.4,1097.2,"1229.5","-","2018 Gwangju CH SF",22.3,1309.3
358,"Javier Barranco Cosano",20.5,1169.3,1155.4,"1090.0","-","2019 Shenzhen CH R32",20.3,1287.9
359,"Zihao Xia",22.3,1125.3,1116.1,"1053.7","-","2018 Gwangju CH R16",21.5,1279.3
360,"Ivan Nedelko",32.9,1079.4,1062.2,"1097.1","1277.6","2017 Almaty CH QF",31.4,1295.1
